{"cameraMode":{"drawMode":0,"name":"Shaded","section":"Shading Mode"},"sceneLighting":true,"audioPlay":false,"sceneViewState":{"showFog":true,"showMaterialUpdate":false,"showSkybox":true,"showFlares":true,"showImageEffects":true,"showParticleSystems":true},"in2DMode":false,"pivot":{"x":0.0023079728707671167,"y":0.13368110358715058,"z":-0.05442429706454277},"rotation":{"x":0.013808373361825943,"y":-0.012004753574728966,"z":0.0001799018500605598,"w":0.9998326301574707},"size":0.5214093923568726,"orthographic":false}