{"cameraMode":{"drawMode":0,"name":"Shaded","section":"Shading Mode"},"sceneLighting":false,"audioPlay":false,"sceneViewState":{"showFog":true,"showMaterialUpdate":false,"showSkybox":true,"showFlares":true,"showImageEffects":true,"showParticleSystems":true},"in2DMode":false,"pivot":{"x":0.014499999582767487,"y":0.03440000116825104,"z":0.009700000286102295},"rotation":{"x":-0.014677731320261956,"y":0.038978707045316699,"z":0.0005865360726602376,"w":0.9991320967674255},"size":0.059078291058540347,"orthographic":false}