{"cameraMode":{"drawMode":0,"name":"Shaded","section":"Shading Mode"},"sceneLighting":true,"audioPlay":false,"sceneViewState":{"showFog":true,"showMaterialUpdate":false,"showSkybox":true,"showFlares":true,"showImageEffects":true,"showParticleSystems":true},"in2DMode":false,"pivot":{"x":0.0023079728707671167,"y":0.13368110358715058,"z":-0.05442429706454277},"rotation":{"x":-0.1970115453004837,"y":0.0020580454729497434,"z":-0.0004122102400287986,"w":-0.980398952960968},"size":0.22140908241271974,"orthographic":false}